Date,Category,Amount
2024-01-01,Shopping,47.93
2024-01-01,Education,139.53
2024-01-01,Utilities & Rent,61.74
2024-01-02,Shopping,55.15
2024-01-03,Education,76.31
2024-01-03,Transportation,58.52
2024-01-04,Entertainment,14.32
2024-01-04,Food & Groceries,108.95
2024-01-05,Utilities & Rent,89.5
2024-01-05,Others,178.99
2024-01-06,Healthcare,17.93
2024-01-06,Shopping,145.7
2024-01-06,Transportation,17.62
2024-01-07,Transportation,84.16
2024-01-08,Education,76.0
2024-01-09,Shopping,76.38
2024-01-10,Entertainment,36.4
2024-01-10,Entertainment,19.7
2024-01-11,Transportation,32.37
2024-01-11,Education,31.76
2024-01-12,Education,108.3
2024-01-13,Healthcare,103.51
2024-01-13,Others,170.33
2024-01-14,Others,113.51
2024-01-15,Education,20.84
2024-01-16,Food & Groceries,123.21
2024-01-16,Healthcare,103.77
2024-01-16,Others,17.95
2024-01-17,Food & Groceries,84.88
2024-01-17,Education,159.44
2024-01-18,Utilities & Rent,1068.05
2024-01-18,Utilities & Rent,1305.21
2024-01-19,Insurance,152.27
2024-01-19,Utilities & Rent,86.87
2024-01-19,Food & Groceries,100.86
2024-01-20,Healthcare,42.2
2024-01-20,Shopping,34.62
2024-01-21,Utilities & Rent,141.63
2024-01-21,Others,180.72
2024-01-21,Shopping,91.83
2024-01-22,Insurance,271.26
2024-01-22,Food & Groceries,72.79
2024-01-23,Others,10.29
2024-01-23,Utilities & Rent,64.94
2024-01-24,Others,8.33
2024-01-24,Utilities & Rent,103.63
2024-01-24,Entertainment,35.56
2024-01-25,Shopping,33.11
2024-01-26,Shopping,78.74
2024-01-26,Utilities & Rent,903.66
2024-01-27,Food & Groceries,80.21
2024-01-28,Insurance,134.51
2024-01-28,Food & Groceries,114.46
2024-01-29,Entertainment,37.78
2024-01-30,Education,86.32
2024-01-30,Entertainment,34.11
2024-01-30,Transportation,19.97
2024-01-31,Food & Groceries,82.08
2024-01-31,Entertainment,21.22
2024-01-31,Shopping,105.06
2024-02-01,Utilities & Rent,66.79
2024-02-01,Insurance,388.1
2024-02-02,Transportation,60.27
2024-02-02,Others,81.36
2024-02-02,Utilities & Rent,79.8
2024-02-03,Others,12.94
2024-02-03,Transportation,42.79
2024-02-04,Healthcare,144.97
2024-02-05,Others,155.05
2024-02-06,Shopping,84.59
2024-02-06,Education,25.05
2024-02-06,Education,73.91
2024-02-07,Utilities & Rent,145.81
2024-02-07,Others,92.59
2024-02-08,Transportation,27.3
2024-02-08,Others,15.68
2024-02-09,Healthcare,161.97
2024-02-10,Utilities & Rent,1015.64
2024-02-10,Utilities & Rent,98.56
2024-02-10,Entertainment,31.79
2024-02-11,Education,115.16
2024-02-11,Healthcare,146.77
2024-02-12,Food & Groceries,73.02
2024-02-12,Utilities & Rent,83.06
2024-02-12,Food & Groceries,116.31
2024-02-13,Entertainment,17.48
2024-02-14,Education,114.23
2024-02-15,Utilities & Rent,852.74
2024-02-16,Healthcare,177.67
2024-02-17,Transportation,51.84
2024-02-17,Entertainment,47.9
2024-02-17,Education,56.9
2024-02-18,Insurance,250.83
2024-02-18,Transportation,28.52
2024-02-19,Others,156.34
2024-02-20,Insurance,362.02
2024-02-20,Others,18.7
2024-02-20,Insurance,162.79
2024-02-21,Education,43.81
2024-02-22,Utilities & Rent,60.83
2024-02-22,Transportation,20.96
2024-02-23,Entertainment,14.66
2024-02-23,Entertainment,45.81
2024-02-23,Food & Groceries,105.81
2024-02-24,Healthcare,52.25
2024-02-24,Healthcare,18.84
2024-02-25,Shopping,67.84
2024-02-26,Education,27.96
2024-02-26,Transportation,18.07
2024-02-26,Food & Groceries,94.68
2024-02-27,Insurance,205.07
2024-02-27,Healthcare,175.4
2024-02-28,Healthcare,22.8
2024-02-29,Transportation,12.35
2024-03-01,Education,91.99
2024-03-02,Insurance,310.87
2024-03-03,Insurance,124.77
2024-03-03,Utilities & Rent,884.12
2024-03-04,Healthcare,16.83
2024-03-05,Shopping,84.27
2024-03-05,Healthcare,30.58
2024-03-06,Healthcare,17.16
2024-03-06,Entertainment,18.87
2024-03-07,Utilities & Rent,115.07
2024-03-07,Education,152.59
2024-03-07,Education,58.55
2024-03-08,Shopping,70.14
2024-03-09,Food & Groceries,104.56
2024-03-10,Utilities & Rent,1472.83
2024-03-11,Transportation,42.83
2024-03-11,Utilities & Rent,62.14
2024-03-12,Transportation,64.09
2024-03-13,Healthcare,144.34
2024-03-13,Education,45.08
2024-03-14,Others,7.66
2024-03-15,Education,54.56
2024-03-16,Shopping,47.5
2024-03-16,Education,189.61
2024-03-16,Healthcare,114.35
2024-03-17,Insurance,123.82
2024-03-18,Food & Groceries,100.53
2024-03-18,Others,9.46
2024-03-19,Food & Groceries,140.54
2024-03-19,Others,193.52
2024-03-19,Shopping,173.26
2024-03-20,Healthcare,42.11
2024-03-21,Healthcare,191.93
2024-03-21,Others,63.68
2024-03-21,Insurance,309.91
2024-03-22,Utilities & Rent,76.38
2024-03-23,Transportation,57.15
2024-03-23,Food & Groceries,133.85
2024-03-23,Education,43.8
2024-03-24,Transportation,55.4
2024-03-24,Entertainment,15.81
2024-03-24,Food & Groceries,105.02
2024-03-25,Insurance,159.19
2024-03-25,Shopping,79.57
2024-03-25,Utilities & Rent,1064.59
2024-03-26,Utilities & Rent,73.03
2024-03-26,Transportation,11.41
2024-03-26,Education,173.42
2024-03-27,Food & Groceries,106.67
2024-03-27,Others,121.66
2024-03-27,Others,12.93
2024-03-28,Entertainment,20.36
2024-03-29,Healthcare,129.16
2024-03-30,Healthcare,133.08
2024-03-30,Shopping,90.39
2024-03-30,Others,154.36
2024-03-31,Food & Groceries,119.69
2024-03-31,Utilities & Rent,61.36
2024-03-31,Education,47.34
2024-04-01,Education,31.29
2024-04-02,Education,33.76
2024-04-02,Healthcare,26.7
2024-04-03,Entertainment,15.36
2024-04-03,Food & Groceries,131.38
2024-04-03,Utilities & Rent,1458.37
2024-04-04,Healthcare,56.36
2024-04-04,Education,71.96
2024-04-04,Healthcare,33.51
2024-04-05,Food & Groceries,118.98
2024-04-05,Food & Groceries,107.53
2024-04-06,Others,17.44
2024-04-06,Food & Groceries,56.35
2024-04-06,Others,70.08
2024-04-07,Insurance,338.34
2024-04-08,Healthcare,186.97
2024-04-09,Healthcare,57.51
2024-04-09,Utilities & Rent,968.76
2024-04-09,Others,8.77
2024-04-10,Shopping,91.48
2024-04-11,Education,150.74
2024-04-11,Transportation,29.31
2024-04-12,Transportation,56.56
2024-04-12,Healthcare,181.5
2024-04-12,Others,70.1
2024-04-13,Insurance,178.47
2024-04-13,Transportation,60.65
2024-04-13,Entertainment,20.44
2024-04-14,Transportation,25.92
2024-04-14,Utilities & Rent,81.79
2024-04-15,Entertainment,17.84
2024-04-16,Insurance,372.47
2024-04-16,Healthcare,21.62
2024-04-17,Food & Groceries,148.0
2024-04-18,Transportation,46.27
2024-04-19,Utilities & Rent,63.87
2024-04-19,Insurance,230.38
2024-04-19,Entertainment,39.23
2024-04-20,Utilities & Rent,75.46
2024-04-21,Utilities & Rent,84.65
2024-04-21,Transportation,14.43
2024-04-22,Entertainment,15.34
2024-04-23,Transportation,55.1
2024-04-23,Others,16.99
2024-04-24,Entertainment,15.12
2024-04-25,Food & Groceries,109.46
2024-04-25,Education,139.59
2024-04-25,Shopping,184.15
2024-04-26,Insurance,292.51
2024-04-26,Education,157.0
2024-04-27,Insurance,349.92
2024-04-27,Transportation,18.85
2024-04-27,Utilities & Rent,63.15
2024-04-28,Healthcare,53.01
2024-04-28,Others,81.72
2024-04-28,Others,101.44
2024-04-29,Shopping,85.24
2024-04-30,Transportation,79.21
2024-05-01,Transportation,87.27
2024-05-01,Food & Groceries,90.3
2024-05-02,Entertainment,39.38
2024-05-03,Education,197.98
2024-05-03,Healthcare,25.68
2024-05-04,Healthcare,104.8
2024-05-04,Shopping,43.06
2024-05-05,Education,176.35
2024-05-05,Utilities & Rent,60.55
2024-05-06,Shopping,274.15
2024-05-07,Shopping,254.27
2024-05-07,Food & Groceries,53.67
2024-05-07,Utilities & Rent,145.06
2024-05-08,Education,36.8
2024-05-08,Healthcare,195.2
2024-05-08,Shopping,99.88
2024-05-09,Food & Groceries,101.42
2024-05-10,Healthcare,73.15
2024-05-10,Shopping,91.57
2024-05-11,Entertainment,33.63
2024-05-12,Insurance,397.99
2024-05-13,Education,25.27
2024-05-14,Healthcare,49.21
2024-05-14,Education,44.71
2024-05-14,Food & Groceries,133.06
2024-05-15,Healthcare,198.64
2024-05-15,Transportation,53.32
2024-05-16,Education,169.29
2024-05-16,Utilities & Rent,930.48
2024-05-17,Shopping,134.65
2024-05-17,Others,17.25
2024-05-17,Insurance,275.39
2024-05-18,Entertainment,17.48
2024-05-18,Food & Groceries,85.54
2024-05-18,Insurance,308.71
2024-05-19,Insurance,143.15
2024-05-19,Utilities & Rent,81.92
2024-05-19,Shopping,269.66
2024-05-20,Shopping,92.57
2024-05-21,Entertainment,13.12
2024-05-22,Insurance,103.35
2024-05-23,Transportation,22.35
2024-05-23,Food & Groceries,105.7
2024-05-24,Shopping,40.94
2024-05-24,Education,169.59
2024-05-24,Healthcare,25.32
2024-05-25,Transportation,82.06
2024-05-26,Shopping,47.63
2024-05-26,Healthcare,77.24
2024-05-26,Education,33.64
2024-05-27,Education,26.05
2024-05-27,Food & Groceries,118.09
2024-05-27,Shopping,140.31
2024-05-28,Food & Groceries,108.54
2024-05-28,Entertainment,17.36
2024-05-28,Education,188.84
2024-05-29,Food & Groceries,58.87
2024-05-29,Shopping,88.62
2024-05-29,Food & Groceries,84.92
2024-05-30,Education,109.85
2024-05-30,Others,100.28
2024-05-30,Shopping,25.58
2024-05-31,Utilities & Rent,72.44
2024-06-01,Entertainment,33.97
2024-06-01,Transportation,72.61
2024-06-02,Utilities & Rent,92.35
2024-06-02,Insurance,283.79
2024-06-02,Education,104.36
2024-06-03,Entertainment,20.39
2024-06-03,Healthcare,23.01
2024-06-03,Shopping,43.58
2024-06-04,Entertainment,36.05
2024-06-04,Education,94.94
2024-06-05,Insurance,120.99
2024-06-06,Food & Groceries,87.77
2024-06-06,Education,59.86
2024-06-06,Utilities & Rent,75.83
2024-06-07,Food & Groceries,79.76
2024-06-07,Utilities & Rent,63.09
2024-06-08,Insurance,175.32
2024-06-09,Utilities & Rent,116.86
2024-06-09,Food & Groceries,138.31
2024-06-10,Insurance,140.8
2024-06-10,Others,88.08
2024-06-11,Education,40.36
2024-06-11,Healthcare,54.94
2024-06-11,Education,68.32
2024-06-12,Education,69.81
2024-06-12,Shopping,42.64
2024-06-13,Insurance,217.39
2024-06-13,Insurance,120.79
2024-06-14,Utilities & Rent,1095.0
2024-06-14,Transportation,64.52
2024-06-14,Shopping,114.86
2024-06-15,Utilities & Rent,61.03
2024-06-15,Shopping,68.15
2024-06-16,Others,17.92
2024-06-16,Utilities & Rent,133.45
2024-06-17,Education,184.18
2024-06-18,Transportation,75.62
2024-06-19,Education,58.01
2024-06-20,Others,14.68
2024-06-20,Shopping,66.8
2024-06-20,Transportation,84.16
2024-06-21,Transportation,64.45
2024-06-21,Others,6.01
2024-06-22,Others,17.45
2024-06-23,Healthcare,71.0
2024-06-23,Others,181.08
2024-06-23,Education,56.03
2024-06-24,Healthcare,40.8
2024-06-25,Healthcare,165.64
2024-06-26,Transportation,28.45
2024-06-26,Utilities & Rent,1222.21
2024-06-27,Healthcare,27.99
2024-06-27,Shopping,115.19
2024-06-28,Entertainment,31.9
2024-06-28,Education,28.1
2024-06-28,Education,90.49
2024-06-29,Shopping,198.77
2024-06-29,Food & Groceries,116.42
2024-06-29,Transportation,63.13
2024-06-30,Others,102.73
2024-07-01,Others,153.26
2024-07-02,Others,61.39
2024-07-02,Transportation,40.07
2024-07-03,Entertainment,23.09
2024-07-03,Healthcare,171.11
2024-07-03,Food & Groceries,129.0
2024-07-04,Insurance,118.51
2024-07-05,Education,159.83
2024-07-05,Healthcare,44.65
2024-07-06,Entertainment,27.49
2024-07-06,Others,8.32
2024-07-07,Others,150.49
2024-07-07,Insurance,118.06
2024-07-08,Entertainment,29.39
2024-07-09,Healthcare,28.38
2024-07-09,Education,45.31
2024-07-09,Transportation,93.1
2024-07-10,Utilities & Rent,116.57
2024-07-10,Insurance,165.02
2024-07-10,Education,134.1
2024-07-11,Transportation,84.81
2024-07-12,Insurance,106.54
2024-07-12,Education,130.76
2024-07-13,Others,143.88
2024-07-13,Transportation,73.1
2024-07-14,Insurance,152.89
2024-07-14,Utilities & Rent,89.94
2024-07-15,Food & Groceries,53.76
2024-07-16,Education,79.05
2024-07-17,Others,113.2
2024-07-17,Healthcare,25.74
2024-07-18,Education,71.17
2024-07-18,Transportation,24.73
2024-07-18,Food & Groceries,148.77
2024-07-19,Food & Groceries,117.96
2024-07-20,Healthcare,26.65
2024-07-20,Entertainment,18.79
2024-07-20,Education,185.56
2024-07-21,Others,198.68
2024-07-21,Education,70.27
2024-07-22,Healthcare,38.07
2024-07-22,Transportation,46.61
2024-07-23,Utilities & Rent,136.05
2024-07-24,Insurance,151.83
2024-07-24,Shopping,66.75
2024-07-25,Utilities & Rent,114.38
2024-07-25,Food & Groceries,125.27
2024-07-25,Entertainment,12.24
2024-07-26,Others,184.24
2024-07-26,Healthcare,118.61
2024-07-26,Education,90.94
2024-07-27,Others,193.35
2024-07-28,Others,148.29
2024-07-28,Healthcare,18.91
2024-07-29,Entertainment,40.87
2024-07-29,Transportation,34.05
2024-07-29,Healthcare,53.3
2024-07-30,Utilities & Rent,119.99
2024-07-31,Education,179.67
2024-07-31,Food & Groceries,81.7
2024-08-01,Others,175.55
2024-08-02,Healthcare,65.88
2024-08-03,Entertainment,24.76
2024-08-03,Others,181.86
2024-08-03,Healthcare,186.31
2024-08-04,Shopping,88.25
2024-08-04,Insurance,257.41
2024-08-05,Food & Groceries,113.18
2024-08-05,Transportation,63.4
2024-08-06,Utilities & Rent,81.29
2024-08-06,Others,17.6
2024-08-07,Healthcare,50.5
2024-08-07,Shopping,96.31
2024-08-07,Food & Groceries,96.69
2024-08-08,Food & Groceries,89.67
2024-08-08,Transportation,34.75
2024-08-09,Shopping,82.52
2024-08-09,Insurance,102.21
2024-08-09,Entertainment,14.89
2024-08-10,Insurance,231.79
2024-08-10,Transportation,68.33
2024-08-10,Utilities & Rent,1397.95
2024-08-11,Insurance,169.37
2024-08-11,Shopping,84.1
2024-08-11,Shopping,39.19
2024-08-12,Food & Groceries,52.08
2024-08-12,Healthcare,33.89
2024-08-12,Shopping,83.21
2024-08-13,Utilities & Rent,72.28
2024-08-14,Transportation,46.01
2024-08-14,Food & Groceries,121.49
2024-08-15,Education,31.13
2024-08-15,Food & Groceries,127.66
2024-08-16,Transportation,81.31
2024-08-16,Healthcare,188.13
2024-08-16,Utilities & Rent,112.35
2024-08-17,Insurance,160.73
2024-08-17,Shopping,50.07
2024-08-18,Entertainment,29.78
2024-08-19,Education,38.62
2024-08-19,Food & Groceries,57.24
2024-08-20,Entertainment,39.71
2024-08-20,Others,192.9
2024-08-21,Education,122.08
2024-08-22,Food & Groceries,107.09
2024-08-23,Entertainment,26.31
2024-08-23,Food & Groceries,102.06
2024-08-23,Transportation,55.53
2024-08-24,Others,62.38
2024-08-25,Shopping,57.78
2024-08-26,Entertainment,12.01
2024-08-26,Transportation,60.01
2024-08-27,Food & Groceries,69.94
2024-08-27,Entertainment,19.36
2024-08-27,Insurance,154.13
2024-08-28,Education,62.85
2024-08-28,Shopping,72.86
2024-08-29,Insurance,189.48
2024-08-29,Shopping,87.21
2024-08-29,Utilities & Rent,75.79
2024-08-30,Transportation,24.83
2024-08-30,Others,142.36
2024-08-31,Insurance,267.38
2024-08-31,Education,168.45
2024-08-31,Insurance,299.64
2024-09-01,Entertainment,39.6
2024-09-01,Healthcare,131.37
2024-09-02,Utilities & Rent,108.23
2024-09-02,Entertainment,12.04
2024-09-02,Insurance,234.84
2024-09-03,Education,57.73
2024-09-04,Shopping,90.69
2024-09-04,Others,5.44
2024-09-05,Shopping,71.84
2024-09-05,Shopping,75.85
2024-09-06,Utilities & Rent,143.87
2024-09-06,Utilities & Rent,1126.07
2024-09-06,Healthcare,25.61
2024-09-07,Education,74.54
2024-09-07,Insurance,247.51
2024-09-08,Transportation,70.65
2024-09-08,Entertainment,14.37
2024-09-09,Education,103.89
2024-09-09,Transportation,58.18
2024-09-10,Others,109.86
2024-09-10,Utilities & Rent,806.32
2024-09-10,Food & Groceries,73.7
2024-09-11,Utilities & Rent,91.88
2024-09-11,Others,117.42
2024-09-11,Education,192.29
2024-09-12,Entertainment,31.38
2024-09-13,Healthcare,44.87
2024-09-13,Healthcare,52.99
2024-09-13,Education,71.85
2024-09-14,Shopping,99.07
2024-09-14,Others,84.67
2024-09-15,Food & Groceries,77.98
2024-09-15,Healthcare,18.99
2024-09-16,Food & Groceries,63.33
2024-09-17,Shopping,84.99
2024-09-17,Transportation,59.17
2024-09-18,Insurance,125.42
2024-09-19,Transportation,83.34
2024-09-19,Shopping,57.49
2024-09-19,Shopping,44.13
2024-09-20,Education,31.3
2024-09-20,Insurance,231.23
2024-09-20,Entertainment,19.63
2024-09-21,Transportation,65.14
2024-09-21,Transportation,25.45
2024-09-21,Education,135.59
2024-09-22,Education,153.43
2024-09-22,Food & Groceries,71.57
2024-09-22,Healthcare,147.68
2024-09-23,Transportation,25.12
2024-09-23,Others,111.04
2024-09-24,Others,135.05
2024-09-25,Shopping,58.29
2024-09-26,Shopping,60.67
2024-09-26,Transportation,31.95
2024-09-27,Utilities & Rent,1372.48
2024-09-27,Education,52.67
2024-09-27,Others,98.69
2024-09-28,Insurance,169.55
2024-09-28,Others,85.63
2024-09-29,Utilities & Rent,85.12
2024-09-30,Education,58.55
2024-09-30,Transportation,22.51
2024-09-30,Healthcare,192.72
2024-10-01,Entertainment,20.77
2024-10-01,Others,7.23
2024-10-02,Shopping,148.59
2024-10-03,Entertainment,41.54
2024-10-03,Healthcare,34.39
2024-10-03,Healthcare,193.2
2024-10-04,Utilities & Rent,65.91
2024-10-04,Entertainment,11.01
2024-10-04,Shopping,60.61
2024-10-05,Utilities & Rent,122.72
2024-10-05,Transportation,16.82
2024-10-05,Shopping,38.53
2024-10-06,Insurance,185.94
2024-10-06,Insurance,118.46
2024-10-06,Education,135.1
2024-10-07,Education,45.47
2024-10-07,Entertainment,18.16
2024-10-08,Insurance,363.84
2024-10-09,Others,8.18
2024-10-09,Education,41.65
2024-10-10,Education,41.21
2024-10-10,Healthcare,91.22
2024-10-11,Shopping,216.89
2024-10-11,Transportation,81.19
2024-10-11,Food & Groceries,106.93
2024-10-12,Food & Groceries,129.54
2024-10-12,Food & Groceries,102.83
2024-10-12,Entertainment,29.37
2024-10-13,Insurance,327.59
2024-10-13,Others,14.48
2024-10-13,Others,7.13
2024-10-14,Insurance,167.58
2024-10-14,Entertainment,17.18
2024-10-14,Food & Groceries,139.3
2024-10-15,Utilities & Rent,103.61
2024-10-15,Insurance,107.94
2024-10-16,Food & Groceries,92.1
2024-10-17,Entertainment,16.17
2024-10-18,Food & Groceries,93.57
2024-10-19,Healthcare,182.01
2024-10-19,Transportation,76.65
2024-10-19,Utilities & Rent,126.86
2024-10-20,Transportation,23.94
2024-10-20,Transportation,73.26
2024-10-20,Education,53.74
2024-10-21,Others,130.37
2024-10-22,Others,163.42
2024-10-22,Food & Groceries,134.17
2024-10-23,Insurance,394.83
2024-10-24,Healthcare,189.05
2024-10-24,Food & Groceries,117.16
2024-10-25,Entertainment,43.64
2024-10-25,Food & Groceries,132.61
2024-10-26,Shopping,34.42
2024-10-26,Shopping,53.42
2024-10-27,Transportation,42.63
2024-10-28,Others,126.46
2024-10-28,Utilities & Rent,111.3
2024-10-28,Shopping,66.1
2024-10-29,Entertainment,15.75
2024-10-29,Healthcare,81.28
2024-10-29,Food & Groceries,83.18
2024-10-30,Utilities & Rent,141.46
2024-10-31,Entertainment,17.9
2024-10-31,Shopping,35.66
2024-11-01,Utilities & Rent,90.77
2024-11-02,Transportation,34.39
2024-11-02,Others,6.99
2024-11-02,Entertainment,19.23
2024-11-03,Food & Groceries,111.86
2024-11-03,Shopping,288.2
2024-11-04,Others,105.13
2024-11-04,Education,53.87
2024-11-05,Shopping,93.69
2024-11-06,Shopping,49.44
2024-11-07,Entertainment,26.48
2024-11-07,Transportation,57.6
2024-11-07,Utilities & Rent,1346.53
2024-11-08,Others,12.27
2024-11-08,Transportation,58.58
2024-11-09,Others,85.88
2024-11-09,Utilities & Rent,884.97
2024-11-09,Utilities & Rent,80.76
2024-11-10,Shopping,107.22
2024-11-11,Insurance,261.25
2024-11-12,Insurance,226.14
2024-11-12,Shopping,162.45
2024-11-13,Utilities & Rent,75.77
2024-11-14,Insurance,138.71
2024-11-14,Healthcare,87.29
2024-11-15,Healthcare,168.55
2024-11-15,Healthcare,152.15
2024-11-16,Healthcare,29.56
2024-11-16,Transportation,69.28
2024-11-16,Transportation,68.79
2024-11-17,Utilities & Rent,1183.57
2024-11-18,Healthcare,89.9
2024-11-18,Healthcare,69.08
2024-11-18,Transportation,21.9
2024-11-19,Shopping,82.43
2024-11-20,Food & Groceries,60.21
2024-11-21,Others,171.33
2024-11-22,Food & Groceries,114.43
2024-11-23,Insurance,277.27
2024-11-24,Education,142.09
2024-11-24,Insurance,376.49
2024-11-25,Food & Groceries,114.42
2024-11-26,Education,161.93
2024-11-27,Utilities & Rent,60.36
2024-11-28,Shopping,73.45
2024-11-29,Shopping,292.69
2024-11-29,Utilities & Rent,83.52
2024-11-29,Utilities & Rent,72.36
2024-11-30,Entertainment,22.06
2024-12-01,Entertainment,10.82
2024-12-01,Food & Groceries,122.6
2024-12-02,Others,15.01
2024-12-03,Food & Groceries,60.86
2024-12-03,Others,193.97
2024-12-03,Insurance,379.16
2024-12-04,Healthcare,93.92
2024-12-04,Education,56.11
2024-12-05,Transportation,52.19
2024-12-06,Education,33.48
2024-12-07,Education,132.51
2024-12-08,Others,19.15
2024-12-08,Shopping,109.5
2024-12-09,Food & Groceries,78.59
2024-12-09,Insurance,184.65
2024-12-09,Others,87.84
2024-12-10,Healthcare,176.3
2024-12-11,Insurance,165.62
2024-12-11,Entertainment,49.54
2024-12-12,Transportation,13.29
2024-12-12,Shopping,291.28
2024-12-13,Utilities & Rent,85.22
2024-12-13,Entertainment,17.58
2024-12-13,Food & Groceries,83.8
2024-12-14,Insurance,109.38
2024-12-14,Others,11.51
2024-12-14,Education,53.48
2024-12-15,Healthcare,59.63
2024-12-16,Transportation,65.55
2024-12-16,Healthcare,172.27
2024-12-16,Transportation,51.26
2024-12-17,Shopping,89.36
2024-12-18,Entertainment,42.37
2024-12-18,Others,16.38
2024-12-19,Utilities & Rent,69.17
2024-12-19,Education,199.45
2024-12-19,Shopping,162.15
2024-12-20,Education,55.58
2024-12-20,Healthcare,111.89
2024-12-21,Healthcare,142.94
2024-12-21,Shopping,73.46
2024-12-21,Food & Groceries,129.94
2024-12-22,Utilities & Rent,1205.99
2024-12-23,Shopping,64.06
2024-12-23,Transportation,63.49
2024-12-23,Utilities & Rent,1245.54
2024-12-24,Entertainment,30.03
2024-12-24,Entertainment,17.89
2024-12-24,Utilities & Rent,903.22
2024-12-25,Food & Groceries,78.87
2024-12-25,Shopping,99.78
2024-12-25,Others,9.49
2024-12-26,Food & Groceries,90.89
2024-12-27,Entertainment,18.4
2024-12-27,Insurance,195.03
2024-12-27,Healthcare,40.45
2024-12-28,Transportation,51.31
2024-12-28,Food & Groceries,106.54
2024-12-29,Entertainment,19.3
2024-12-30,Healthcare,26.67
2024-12-30,Utilities & Rent,1389.35
2024-12-30,Healthcare,170.4
2024-12-31,Healthcare,70.02
2024-12-31,Shopping,80.96
2025-01-01,Utilities & Rent,1346.15
2025-01-01,Shopping,34.01
2025-01-02,Others,188.39
2025-01-02,Others,5.2
2025-01-03,Entertainment,28.27
2025-01-03,Insurance,357.43
2025-01-04,Entertainment,14.5
2025-01-04,Entertainment,24.69
2025-01-05,Shopping,93.45
2025-01-05,Others,129.86
2025-01-05,Food & Groceries,87.79
2025-01-06,Transportation,98.17
2025-01-06,Insurance,105.23
2025-01-06,Education,57.47
2025-01-07,Healthcare,71.74
2025-01-08,Healthcare,100.74
2025-01-08,Utilities & Rent,1462.93
2025-01-08,Others,67.11
2025-01-09,Healthcare,112.7
2025-01-09,Others,152.56
2025-01-10,Food & Groceries,72.74
2025-01-11,Others,156.18
2025-01-11,Food & Groceries,46.54
2025-01-12,Transportation,52.86
2025-01-12,Healthcare,149.63
2025-01-13,Transportation,21.56
2025-01-14,Insurance,258.12
2025-01-14,Education,68.38
2025-01-14,Utilities & Rent,83.59
2025-01-15,Healthcare,131.73
2025-01-15,Shopping,82.79
2025-01-15,Education,72.67
2025-01-16,Shopping,46.72
2025-01-16,Others,19.77
2025-01-17,Food & Groceries,104.2
2025-01-17,Education,40.62
2025-01-18,Shopping,76.37
2025-01-19,Others,107.06
2025-01-19,Utilities & Rent,1475.13
2025-01-19,Education,51.4
2025-01-20,Shopping,104.32
2025-01-21,Others,79.38
2025-01-21,Education,29.48
2025-01-21,Shopping,85.53
2025-01-22,Utilities & Rent,1434.3
2025-01-22,Transportation,99.18
2025-01-22,Food & Groceries,53.34
2025-01-23,Healthcare,169.79
2025-01-24,Entertainment,18.82
2025-01-24,Insurance,397.68
2025-01-25,Insurance,166.79
2025-01-26,Transportation,34.49
2025-01-27,Insurance,202.52
2025-01-27,Others,129.11
2025-01-27,Others,18.35
2025-01-28,Healthcare,23.43
2025-01-28,Others,18.77
2025-01-29,Utilities & Rent,1129.82
2025-01-29,Others,88.15
2025-01-30,Utilities & Rent,92.16
2025-01-30,Healthcare,173.9
2025-01-31,Food & Groceries,92.01
2025-01-31,Transportation,62.19
2025-02-01,Others,143.14
2025-02-01,Entertainment,18.41
2025-02-02,Utilities & Rent,888.39
2025-02-02,Transportation,17.87
2025-02-02,Education,60.9
2025-02-03,Others,8.41
2025-02-03,Education,91.89
2025-02-04,Utilities & Rent,115.89
2025-02-04,Entertainment,12.13
2025-02-04,Utilities & Rent,1012.76
2025-02-05,Shopping,93.25
2025-02-05,Food & Groceries,124.59
2025-02-06,Transportation,95.36
2025-02-07,Insurance,111.1
2025-02-07,Education,47.62
2025-02-07,Shopping,93.33
2025-02-08,Utilities & Rent,136.16
2025-02-08,Shopping,30.25
2025-02-08,Education,75.08
2025-02-09,Entertainment,41.23
2025-02-09,Utilities & Rent,82.62
2025-02-09,Others,5.27
2025-02-10,Others,144.24
2025-02-10,Others,14.53
2025-02-10,Shopping,45.29
2025-02-11,Shopping,55.24
2025-02-12,Education,38.08
2025-02-13,Healthcare,25.19
2025-02-13,Others,5.97
2025-02-13,Education,60.07
2025-02-14,Entertainment,19.89
2025-02-14,Insurance,247.9
2025-02-15,Utilities & Rent,89.86
2025-02-16,Healthcare,44.65
2025-02-16,Shopping,99.87
2025-02-17,Healthcare,38.64
2025-02-18,Shopping,257.32
2025-02-19,Education,154.17
2025-02-20,Others,183.88
2025-02-20,Entertainment,48.44
2025-02-21,Shopping,112.83
2025-02-21,Shopping,178.09
2025-02-22,Utilities & Rent,98.39
2025-02-22,Education,48.37
2025-02-23,Food & Groceries,92.56
2025-02-24,Others,10.43
2025-02-24,Entertainment,47.22
2025-02-25,Food & Groceries,83.13
2025-02-25,Food & Groceries,75.69
2025-02-25,Utilities & Rent,1132.0
2025-02-26,Entertainment,10.08
2025-02-27,Education,176.59
2025-02-27,Food & Groceries,77.03
2025-02-28,Food & Groceries,71.74
2025-03-01,Others,172.5
2025-03-01,Food & Groceries,131.82
2025-03-02,Utilities & Rent,75.22
2025-03-03,Insurance,167.54
2025-03-04,Utilities & Rent,63.94
2025-03-04,Food & Groceries,92.88
2025-03-05,Healthcare,42.36
2025-03-06,Insurance,364.24
2025-03-07,Insurance,251.52
2025-03-08,Food & Groceries,129.73
2025-03-08,Transportation,26.63
2025-03-08,Food & Groceries,113.01
2025-03-09,Utilities & Rent,72.57
2025-03-10,Food & Groceries,65.69
2025-03-11,Insurance,333.71
2025-03-12,Transportation,79.68
2025-03-13,Transportation,95.66
2025-03-13,Others,181.05
2025-03-14,Healthcare,129.5
2025-03-14,Utilities & Rent,89.95
2025-03-15,Others,12.99
2025-03-16,Food & Groceries,106.18
2025-03-16,Healthcare,51.36
2025-03-16,Others,172.51
2025-03-17,Healthcare,177.78
2025-03-17,Shopping,69.4
2025-03-18,Healthcare,168.35
2025-03-19,Utilities & Rent,85.73
2025-03-19,Others,64.83
2025-03-20,Others,15.58
2025-03-20,Food & Groceries,100.93
2025-03-20,Healthcare,21.42
2025-03-21,Food & Groceries,72.36
2025-03-22,Transportation,67.03
2025-03-23,Food & Groceries,117.71
2025-03-23,Healthcare,104.69
2025-03-23,Shopping,61.78
2025-03-24,Transportation,46.85
2025-03-25,Utilities & Rent,64.07
2025-03-25,Entertainment,13.88
2025-03-25,Utilities & Rent,101.92
2025-03-26,Healthcare,69.51
2025-03-27,Healthcare,106.22
2025-03-27,Utilities & Rent,73.32
2025-03-28,Others,63.23
2025-03-28,Shopping,73.19
2025-03-29,Shopping,44.27
2025-03-29,Food & Groceries,104.17
2025-03-30,Healthcare,52.73
2025-03-30,Utilities & Rent,137.88
2025-03-31,Utilities & Rent,84.04
2025-04-01,Healthcare,174.6
2025-04-01,Shopping,91.31
2025-04-02,Education,116.61
2025-04-02,Transportation,60.37
2025-04-02,Food & Groceries,130.43
2025-04-03,Others,14.31
2025-04-03,Healthcare,32.78
2025-04-04,Food & Groceries,104.3
2025-04-05,Healthcare,158.32
2025-04-05,Entertainment,17.46
2025-04-05,Insurance,211.55
2025-04-06,Entertainment,19.49
2025-04-07,Shopping,71.21
2025-04-07,Shopping,66.57
2025-04-08,Education,107.98
2025-04-08,Others,136.59
2025-04-09,Healthcare,118.4
2025-04-09,Utilities & Rent,82.94
2025-04-09,Shopping,289.01
2025-04-10,Others,17.81
2025-04-10,Food & Groceries,134.7
2025-04-10,Education,96.78
2025-04-11,Healthcare,58.72
2025-04-11,Insurance,352.52
2025-04-11,Entertainment,10.31
2025-04-12,Entertainment,24.03
2025-04-12,Healthcare,172.97
2025-04-12,Others,16.0
2025-04-13,Others,5.13
2025-04-13,Utilities & Rent,127.38
2025-04-14,Education,50.35
2025-04-15,Food & Groceries,113.29
2025-04-15,Healthcare,48.9
2025-04-15,Healthcare,148.78
2025-04-16,Food & Groceries,109.09
2025-04-16,Education,123.14
2025-04-16,Shopping,31.71
2025-04-17,Utilities & Rent,78.96
2025-04-17,Transportation,68.65
2025-04-17,Entertainment,40.45
2025-04-18,Insurance,358.9
2025-04-19,Transportation,27.75
2025-04-19,Education,81.67
2025-04-20,Insurance,180.35
2025-04-20,Education,35.97
2025-04-21,Insurance,184.22
2025-04-21,Food & Groceries,71.93
2025-04-22,Healthcare,31.1
2025-04-23,Others,7.82
2025-04-24,Insurance,289.87
2025-04-24,Shopping,35.02
2025-04-24,Transportation,21.58
2025-04-25,Shopping,125.49
2025-04-25,Entertainment,35.61
2025-04-26,Insurance,254.28
2025-04-27,Transportation,30.59
2025-04-27,Others,11.04
2025-04-27,Others,78.36
2025-04-28,Transportation,27.67
2025-04-29,Education,48.02
2025-04-29,Entertainment,19.4
2025-04-29,Others,69.49
2025-04-30,Transportation,32.3
2025-05-01,Utilities & Rent,1064.12
2025-05-02,Healthcare,45.92
2025-05-02,Food & Groceries,127.54
2025-05-02,Insurance,227.82
2025-05-03,Healthcare,44.99
2025-05-04,Education,27.78
2025-05-05,Others,9.03
2025-05-05,Shopping,208.58
2025-05-05,Healthcare,65.72
2025-05-06,Insurance,373.16
2025-05-06,Utilities & Rent,63.33
2025-05-07,Utilities & Rent,836.65
2025-05-07,Others,112.48
2025-05-08,Shopping,229.91
2025-05-09,Others,12.08
2025-05-10,Food & Groceries,125.4
2025-05-10,Transportation,44.1
2025-05-11,Shopping,81.6
2025-05-11,Entertainment,21.57
2025-05-11,Education,31.95
2025-05-12,Utilities & Rent,840.66
2025-05-13,Entertainment,36.31
2025-05-13,Healthcare,52.2
2025-05-14,Entertainment,45.15
2025-05-15,Shopping,58.95
2025-05-16,Utilities & Rent,69.91
2025-05-17,Shopping,83.01
2025-05-17,Shopping,66.33
2025-05-18,Food & Groceries,121.92
2025-05-18,Food & Groceries,108.57
2025-05-19,Healthcare,165.52
2025-05-19,Others,7.73
2025-05-20,Healthcare,49.79
2025-05-20,Insurance,328.37
2025-05-20,Healthcare,132.26
2025-05-21,Utilities & Rent,1182.87
2025-05-21,Education,140.92
2025-05-21,Education,32.43
2025-05-22,Shopping,227.53
2025-05-22,Transportation,22.1
2025-05-22,Insurance,211.57
2025-05-23,Education,85.87
2025-05-23,Education,59.06
2025-05-24,Entertainment,12.05
2025-05-24,Insurance,379.22
2025-05-24,Others,9.73
2025-05-25,Healthcare,145.39
2025-05-25,Food & Groceries,144.74
2025-05-25,Entertainment,41.75
2025-05-26,Others,5.93
2025-05-27,Transportation,54.92
2025-05-28,Education,44.94
2025-05-29,Transportation,67.71
2025-05-29,Healthcare,61.44
2025-05-30,Entertainment,33.79
2025-05-30,Utilities & Rent,140.48
2025-05-31,Food & Groceries,148.12
2025-06-01,Transportation,69.59
2025-06-02,Others,14.55
2025-06-02,Education,77.18
2025-06-03,Others,8.89
2025-06-03,Others,13.9
2025-06-04,Entertainment,20.39
2025-06-04,Entertainment,44.88
2025-06-04,Transportation,68.8
2025-06-05,Transportation,28.93
2025-06-06,Education,63.1
2025-06-07,Food & Groceries,113.33
2025-06-07,Shopping,84.01
2025-06-07,Entertainment,20.36
2025-06-08,Shopping,72.12
2025-06-08,Healthcare,171.21
2025-06-09,Insurance,361.66
2025-06-09,Entertainment,12.46
2025-06-10,Utilities & Rent,800.31
2025-06-11,Entertainment,49.7
2025-06-12,Utilities & Rent,831.44
2025-06-12,Insurance,163.54
2025-06-13,Utilities & Rent,88.53
2025-06-14,Food & Groceries,119.4
2025-06-14,Shopping,69.82
2025-06-14,Shopping,55.05
2025-06-15,Shopping,176.49
2025-06-15,Others,84.3
2025-06-16,Food & Groceries,109.34
2025-06-17,Others,114.71
2025-06-18,Education,114.13
2025-06-18,Utilities & Rent,64.31
2025-06-18,Insurance,190.38
2025-06-19,Education,112.92
2025-06-19,Shopping,169.08
2025-06-20,Transportation,57.73
2025-06-20,Others,9.97
2025-06-20,Insurance,241.42
2025-06-21,Shopping,95.85
2025-06-22,Food & Groceries,67.6
2025-06-23,Education,99.83
2025-06-23,Transportation,63.13
2025-06-23,Shopping,178.91
2025-06-24,Insurance,128.25
2025-06-25,Healthcare,20.75
2025-06-25,Others,138.56
2025-06-25,Entertainment,21.64
2025-06-26,Education,80.54
2025-06-26,Healthcare,34.69
2025-06-27,Entertainment,11.91
2025-06-27,Entertainment,16.63
2025-06-27,Others,163.86
2025-06-28,Transportation,18.13
2025-06-28,Others,17.25
2025-06-29,Others,10.05
2025-06-29,Entertainment,49.55
2025-06-30,Healthcare,138.6
2025-06-30,Food & Groceries,93.16
2025-07-01,Transportation,75.88
2025-07-01,Food & Groceries,110.27
2025-07-02,Others,140.23
2025-07-02,Shopping,228.61
2025-07-03,Healthcare,167.11
2025-07-04,Others,105.39
2025-07-04,Others,174.13
2025-07-04,Education,157.15
2025-07-05,Entertainment,11.22
2025-07-05,Insurance,186.17
2025-07-05,Food & Groceries,104.57
2025-07-06,Others,82.01
2025-07-07,Utilities & Rent,1290.82
2025-07-08,Insurance,299.25
2025-07-08,Utilities & Rent,91.41
2025-07-08,Shopping,31.12
2025-07-09,Shopping,52.85
2025-07-09,Food & Groceries,107.46
2025-07-09,Insurance,311.8
2025-07-10,Utilities & Rent,118.25
2025-07-11,Education,114.44
2025-07-12,Entertainment,25.38
2025-07-13,Utilities & Rent,71.9
2025-07-13,Others,15.16
2025-07-14,Transportation,26.82
2025-07-14,Healthcare,87.57
2025-07-14,Education,135.76
2025-07-15,Utilities & Rent,60.36
2025-07-15,Education,31.21
2025-07-15,Healthcare,23.61
2025-07-16,Entertainment,14.31
2025-07-17,Healthcare,87.07
2025-07-17,Food & Groceries,46.71
2025-07-18,Utilities & Rent,103.27
2025-07-19,Insurance,396.41
2025-07-19,Shopping,81.34
2025-07-20,Insurance,178.53
2025-07-20,Education,36.67
2025-07-20,Transportation,71.6
2025-07-21,Education,47.01
2025-07-22,Food & Groceries,117.65
2025-07-22,Healthcare,110.54
2025-07-23,Transportation,24.55
2025-07-24,Food & Groceries,81.14
2025-07-25,Transportation,62.2
2025-07-25,Transportation,27.24
2025-07-26,Insurance,117.21
2025-07-26,Entertainment,28.92
2025-07-27,Shopping,205.91
2025-07-27,Transportation,26.04
2025-07-28,Utilities & Rent,97.56
2025-07-28,Others,150.81
2025-07-29,Others,90.66
2025-07-29,Transportation,45.22
2025-07-30,Others,14.18
2025-07-30,Entertainment,18.83
2025-07-30,Education,57.51
2025-07-31,Others,111.22
2025-07-31,Food & Groceries,108.29
2025-08-01,Others,19.09
2025-08-02,Shopping,129.98
2025-08-02,Entertainment,39.95
2025-08-03,Transportation,71.68
2025-08-03,Utilities & Rent,62.53
2025-08-04,Shopping,89.09
2025-08-05,Utilities & Rent,1182.81
2025-08-05,Others,15.51
2025-08-05,Education,79.89
2025-08-06,Shopping,57.38
2025-08-06,Food & Groceries,51.58
2025-08-06,Transportation,72.95
2025-08-07,Food & Groceries,107.58
2025-08-07,Insurance,376.99
2025-08-07,Utilities & Rent,68.5
2025-08-08,Utilities & Rent,115.95
2025-08-08,Insurance,397.53
2025-08-09,Food & Groceries,70.62
2025-08-09,Others,90.33
2025-08-09,Food & Groceries,108.79
2025-08-10,Education,118.15
2025-08-10,Entertainment,34.98
2025-08-11,Healthcare,17.88
2025-08-11,Transportation,64.62
2025-08-12,Others,95.16
2025-08-12,Insurance,146.95
2025-08-12,Education,32.6
2025-08-13,Insurance,140.97
2025-08-14,Others,188.6
2025-08-14,Healthcare,127.46
2025-08-15,Healthcare,182.25
2025-08-16,Shopping,77.61
2025-08-17,Food & Groceries,101.2
2025-08-18,Others,161.38
2025-08-18,Shopping,128.51
2025-08-18,Insurance,357.27
2025-08-19,Food & Groceries,61.72
2025-08-19,Food & Groceries,60.26
2025-08-20,Entertainment,18.29
2025-08-21,Entertainment,18.59
2025-08-21,Insurance,134.48
2025-08-21,Utilities & Rent,110.74
2025-08-22,Others,118.88
2025-08-22,Insurance,172.19
2025-08-23,Insurance,116.53
2025-08-23,Education,157.81
2025-08-23,Entertainment,35.45
2025-08-24,Entertainment,13.45
2025-08-24,Utilities & Rent,88.5
2025-08-25,Utilities & Rent,116.35
2025-08-25,Insurance,124.37
2025-08-25,Utilities & Rent,95.37
2025-08-26,Others,163.08
2025-08-26,Food & Groceries,114.32
2025-08-26,Education,163.04
2025-08-27,Transportation,20.3
2025-08-28,Food & Groceries,41.77
2025-08-28,Food & Groceries,61.72
2025-08-29,Insurance,396.09
2025-08-30,Insurance,139.19
2025-08-31,Utilities & Rent,83.19
2025-09-01,Healthcare,15.82
2025-09-01,Food & Groceries,65.52
2025-09-01,Utilities & Rent,86.57
2025-09-02,Others,15.85
2025-09-02,Education,70.17
2025-09-02,Others,17.65
2025-09-03,Utilities & Rent,135.41
2025-09-03,Utilities & Rent,85.65
2025-09-03,Utilities & Rent,62.27
2025-09-04,Others,5.23
2025-09-04,Transportation,21.98
2025-09-05,Others,19.52
2025-09-05,Shopping,147.71
2025-09-05,Transportation,22.83
2025-09-06,Shopping,94.88
2025-09-06,Utilities & Rent,62.1
2025-09-07,Education,156.0
2025-09-07,Shopping,142.37
2025-09-08,Transportation,31.06
2025-09-08,Others,14.48
2025-09-08,Transportation,43.11
2025-09-09,Shopping,97.96
2025-09-10,Insurance,303.6
2025-09-11,Utilities & Rent,945.07
2025-09-12,Insurance,239.0
2025-09-13,Food & Groceries,108.43
2025-09-13,Healthcare,166.15
2025-09-14,Healthcare,43.46
2025-09-14,Entertainment,26.07
2025-09-15,Others,14.0
2025-09-15,Transportation,31.72
2025-09-15,Food & Groceries,95.69
2025-09-16,Insurance,391.7
2025-09-16,Food & Groceries,95.39
2025-09-16,Utilities & Rent,132.38
2025-09-17,Food & Groceries,61.56
2025-09-18,Shopping,116.16
2025-09-19,Healthcare,51.97
2025-09-19,Insurance,118.77
2025-09-19,Shopping,78.93
2025-09-20,Education,119.6
2025-09-21,Entertainment,18.79
2025-09-21,Utilities & Rent,76.72
2025-09-22,Transportation,20.72
2025-09-22,Education,64.17
2025-09-23,Education,173.81
2025-09-23,Transportation,90.64
2025-09-23,Entertainment,44.8
2025-09-24,Utilities & Rent,1126.08
2025-09-24,Food & Groceries,61.79
2025-09-24,Healthcare,33.27
2025-09-25,Healthcare,15.71
2025-09-25,Education,62.37
2025-09-26,Utilities & Rent,78.74
2025-09-26,Healthcare,41.41
2025-09-26,Others,19.86
2025-09-27,Utilities & Rent,80.28
2025-09-27,Others,13.54
2025-09-27,Insurance,275.83
2025-09-28,Insurance,305.54
2025-09-28,Healthcare,34.94
2025-09-29,Shopping,86.31
2025-09-29,Shopping,71.52
2025-09-30,Transportation,83.88
2025-09-30,Transportation,96.25
2025-09-30,Healthcare,46.09
2025-10-01,Others,60.47
2025-10-01,Entertainment,17.48
2025-10-01,Insurance,282.77
2025-10-02,Entertainment,40.03
2025-10-02,Transportation,29.48
2025-10-03,Education,61.14
2025-10-03,Entertainment,16.39
2025-10-03,Transportation,65.01
2025-10-04,Shopping,70.82
2025-10-04,Education,41.3
2025-10-05,Shopping,77.92
2025-10-05,Food & Groceries,130.63
2025-10-06,Insurance,372.6
2025-10-06,Education,42.53
2025-10-07,Education,68.16
2025-10-07,Utilities & Rent,60.9
2025-10-07,Food & Groceries,108.24
2025-10-08,Education,177.11
2025-10-09,Shopping,158.85
2025-10-09,Food & Groceries,135.25
2025-10-10,Utilities & Rent,106.99
2025-10-10,Transportation,60.54
2025-10-11,Shopping,48.8
2025-10-11,Shopping,86.82
2025-10-12,Healthcare,74.9
2025-10-12,Education,20.52
2025-10-12,Insurance,241.45
2025-10-13,Education,69.6
2025-10-14,Shopping,62.81
2025-10-15,Entertainment,24.41
2025-10-16,Education,90.7
2025-10-16,Entertainment,44.88
2025-10-17,Healthcare,137.1
2025-10-17,Education,28.64
2025-10-17,Utilities & Rent,141.28
2025-10-18,Insurance,130.65
2025-10-19,Insurance,256.38
2025-10-20,Others,15.88
2025-10-20,Transportation,99.59
2025-10-21,Insurance,156.26
2025-10-22,Education,20.95
2025-10-23,Transportation,62.25
2025-10-24,Entertainment,16.58
2025-10-24,Others,169.96
2025-10-24,Insurance,145.4
2025-10-25,Education,183.48
2025-10-26,Healthcare,135.16
2025-10-27,Entertainment,49.11
2025-10-28,Entertainment,15.71
2025-10-29,Utilities & Rent,65.49
2025-10-30,Entertainment,47.81
2025-10-30,Education,135.69
2025-10-31,Entertainment,27.58
2025-11-01,Utilities & Rent,70.12
2025-11-01,Healthcare,198.28
2025-11-02,Others,82.73
2025-11-02,Shopping,197.23
2025-11-02,Shopping,102.93
2025-11-03,Transportation,58.82
2025-11-03,Food & Groceries,61.23
2025-11-04,Food & Groceries,58.97
2025-11-05,Insurance,321.99
2025-11-05,Insurance,146.63
2025-11-05,Others,73.17
2025-11-06,Entertainment,35.39
2025-11-06,Insurance,176.94
2025-11-07,Transportation,60.23
2025-11-08,Healthcare,101.06
2025-11-08,Education,142.27
2025-11-09,Shopping,84.15
2025-11-10,Insurance,206.98
2025-11-11,Others,18.93
2025-11-12,Food & Groceries,120.3
2025-11-12,Others,5.74
2025-11-12,Food & Groceries,61.16
2025-11-13,Education,75.34
2025-11-14,Education,43.53
2025-11-15,Insurance,165.15
2025-11-15,Food & Groceries,94.19
2025-11-15,Healthcare,189.37
2025-11-16,Entertainment,29.54
2025-11-16,Utilities & Rent,86.13
2025-11-17,Utilities & Rent,70.35
2025-11-18,Healthcare,28.22
2025-11-19,Insurance,319.46
2025-11-19,Entertainment,11.92
2025-11-19,Transportation,33.68
2025-11-20,Shopping,49.42
2025-11-20,Shopping,61.89
2025-11-20,Food & Groceries,84.69
2025-11-21,Utilities & Rent,99.47
2025-11-21,Education,46.57
2025-11-22,Transportation,68.06
2025-11-23,Shopping,34.33
2025-11-23,Others,74.42
2025-11-24,Education,195.21
2025-11-24,Others,125.23
2025-11-24,Education,23.61
2025-11-25,Shopping,42.4
2025-11-26,Utilities & Rent,145.91
2025-11-27,Utilities & Rent,1264.47
2025-11-28,Transportation,94.23
2025-11-28,Shopping,123.77
2025-11-29,Food & Groceries,55.25
2025-11-29,Utilities & Rent,122.27
2025-11-29,Shopping,127.81
2025-11-30,Food & Groceries,94.57
2025-12-01,Shopping,158.46
2025-12-01,Healthcare,67.49
2025-12-02,Entertainment,10.45
2025-12-03,Insurance,316.28
2025-12-03,Healthcare,180.95
2025-12-03,Education,154.95
2025-12-04,Others,5.16
2025-12-04,Insurance,180.1
2025-12-05,Healthcare,31.27
2025-12-06,Entertainment,12.26
2025-12-06,Transportation,60.99
2025-12-06,Utilities & Rent,140.44
2025-12-07,Education,134.19
2025-12-07,Entertainment,49.51
2025-12-07,Others,195.46
2025-12-08,Education,71.65
2025-12-09,Shopping,111.5
2025-12-09,Insurance,245.3
2025-12-09,Food & Groceries,63.79
2025-12-10,Entertainment,44.71
2025-12-10,Food & Groceries,78.19
2025-12-11,Education,68.34
2025-12-12,Entertainment,24.68
2025-12-13,Food & Groceries,113.03
2025-12-13,Utilities & Rent,92.79
2025-12-14,Entertainment,13.85
2025-12-15,Healthcare,189.88
2025-12-16,Healthcare,61.49
2025-12-16,Insurance,160.17
2025-12-17,Healthcare,111.16
2025-12-17,Entertainment,16.56
2025-12-17,Transportation,67.84
2025-12-18,Insurance,247.83
2025-12-18,Utilities & Rent,88.15
2025-12-19,Food & Groceries,88.37
2025-12-19,Shopping,150.8
2025-12-19,Education,56.71
2025-12-20,Insurance,196.23
2025-12-21,Shopping,91.46
2025-12-21,Healthcare,82.54
2025-12-21,Shopping,57.29
2025-12-22,Shopping,52.51
2025-12-22,Transportation,54.79
2025-12-23,Others,83.07
2025-12-23,Education,190.15
2025-12-23,Utilities & Rent,79.06
2025-12-24,Utilities & Rent,132.67
2025-12-25,Transportation,63.43
2025-12-25,Insurance,288.78
2025-12-26,Insurance,100.81
2025-12-26,Education,34.23
2025-12-27,Insurance,250.23
2025-12-28,Education,50.85
2025-12-28,Healthcare,135.96
2025-12-29,Utilities & Rent,80.45
2025-12-29,Food & Groceries,91.61
2025-12-29,Others,101.87
2025-12-30,Education,46.43
2025-12-30,Food & Groceries,102.66
2025-12-31,Utilities & Rent,1222.47
2025-12-31,Insurance,337.61
2025-12-31,Food & Groceries,135.08
